policyVersion,regionDatasetVersion,stage,groupKey,groupLabel,parentGroupKey
# policySource=https://github.com/woowacourse-teams/2026-toadzip/issues/95
# regionSource=classpath:region/regions.csv
2026-09-02-v1,2026-07-01,1,SERVICE_ZONE:SEOUL,서울,
2026-09-02-v1,2026-07-01,1,SERVICE_ZONE:GYEONGGI,경기,
2026-09-02-v1,2026-07-01,1,SERVICE_ZONE:INCHEON,인천,
2026-09-02-v1,2026-07-01,1,SERVICE_ZONE:GANGWON,강원,
2026-09-02-v1,2026-07-01,1,SERVICE_ZONE:CHUNGBUK,충북,
2026-09-02-v1,2026-07-01,1,SERVICE_ZONE:DAEJEON_SEJONG_CHUNGNAM,대전·세종·충남,
2026-09-02-v1,2026-07-01,1,SERVICE_ZONE:JEONBUK,전북,
2026-09-02-v1,2026-07-01,1,SERVICE_ZONE:GWANGJU_JEONNAM,광주·전남,
2026-09-02-v1,2026-07-01,1,SERVICE_ZONE:DAEGU_GYEONGBUK,대구·경북,
2026-09-02-v1,2026-07-01,1,SERVICE_ZONE:BUSAN_ULSAN_GYEONGNAM,부산·울산·경남,
2026-09-02-v1,2026-07-01,1,SERVICE_ZONE:JEJU,제주,
2026-09-02-v1,2026-07-01,2,METROPOLITAN:11,서울,SERVICE_ZONE:SEOUL
2026-09-02-v1,2026-07-01,2,METROPOLITAN:12,전남광주,SERVICE_ZONE:GWANGJU_JEONNAM
2026-09-02-v1,2026-07-01,2,METROPOLITAN:26,부산,SERVICE_ZONE:BUSAN_ULSAN_GYEONGNAM
2026-09-02-v1,2026-07-01,2,METROPOLITAN:27,대구,SERVICE_ZONE:DAEGU_GYEONGBUK
2026-09-02-v1,2026-07-01,2,METROPOLITAN:28,인천,SERVICE_ZONE:INCHEON
2026-09-02-v1,2026-07-01,2,METROPOLITAN:30,대전,SERVICE_ZONE:DAEJEON_SEJONG_CHUNGNAM
2026-09-02-v1,2026-07-01,2,METROPOLITAN:31,울산,SERVICE_ZONE:BUSAN_ULSAN_GYEONGNAM
2026-09-02-v1,2026-07-01,2,METROPOLITAN:36,세종,SERVICE_ZONE:DAEJEON_SEJONG_CHUNGNAM
2026-09-02-v1,2026-07-01,2,METROPOLITAN:41,경기,SERVICE_ZONE:GYEONGGI
2026-09-02-v1,2026-07-01,2,METROPOLITAN:43,충북,SERVICE_ZONE:CHUNGBUK
2026-09-02-v1,2026-07-01,2,METROPOLITAN:44,충남,SERVICE_ZONE:DAEJEON_SEJONG_CHUNGNAM
2026-09-02-v1,2026-07-01,2,METROPOLITAN:47,경북,SERVICE_ZONE:DAEGU_GYEONGBUK
2026-09-02-v1,2026-07-01,2,METROPOLITAN:48,경남,SERVICE_ZONE:BUSAN_ULSAN_GYEONGNAM
2026-09-02-v1,2026-07-01,2,METROPOLITAN:50,제주,SERVICE_ZONE:JEJU
2026-09-02-v1,2026-07-01,2,METROPOLITAN:51,강원,SERVICE_ZONE:GANGWON
2026-09-02-v1,2026-07-01,2,METROPOLITAN:52,전북,SERVICE_ZONE:JEONBUK
2026-09-02-v1,2026-07-01,3,BASIC_REGION:11110,종로구,METROPOLITAN:11
2026-09-02-v1,2026-07-01,3,BASIC_REGION:11140,중구,METROPOLITAN:11
2026-09-02-v1,2026-07-01,3,BASIC_REGION:11170,용산구,METROPOLITAN:11
2026-09-02-v1,2026-07-01,3,BASIC_REGION:11200,성동구,METROPOLITAN:11
2026-09-02-v1,2026-07-01,3,BASIC_REGION:11215,광진구,METROPOLITAN:11
2026-09-02-v1,2026-07-01,3,BASIC_REGION:11230,동대문구,METROPOLITAN:11
2026-09-02-v1,2026-07-01,3,BASIC_REGION:11260,중랑구,METROPOLITAN:11
2026-09-02-v1,2026-07-01,3,BASIC_REGION:11290,성북구,METROPOLITAN:11
2026-09-02-v1,2026-07-01,3,BASIC_REGION:11305,강북구,METROPOLITAN:11
2026-09-02-v1,2026-07-01,3,BASIC_REGION:11320,도봉구,METROPOLITAN:11
2026-09-02-v1,2026-07-01,3,BASIC_REGION:11350,노원구,METROPOLITAN:11
2026-09-02-v1,2026-07-01,3,BASIC_REGION:11380,은평구,METROPOLITAN:11
2026-09-02-v1,2026-07-01,3,BASIC_REGION:11410,서대문구,METROPOLITAN:11
2026-09-02-v1,2026-07-01,3,BASIC_REGION:11440,마포구,METROPOLITAN:11
2026-09-02-v1,2026-07-01,3,BASIC_REGION:11470,양천구,METROPOLITAN:11
2026-09-02-v1,2026-07-01,3,BASIC_REGION:11500,강서구,METROPOLITAN:11
2026-09-02-v1,2026-07-01,3,BASIC_REGION:11530,구로구,METROPOLITAN:11
2026-09-02-v1,2026-07-01,3,BASIC_REGION:11545,금천구,METROPOLITAN:11
2026-09-02-v1,2026-07-01,3,BASIC_REGION:11560,영등포구,METROPOLITAN:11
2026-09-02-v1,2026-07-01,3,BASIC_REGION:11590,동작구,METROPOLITAN:11
2026-09-02-v1,2026-07-01,3,BASIC_REGION:11620,관악구,METROPOLITAN:11
2026-09-02-v1,2026-07-01,3,BASIC_REGION:11650,서초구,METROPOLITAN:11
2026-09-02-v1,2026-07-01,3,BASIC_REGION:11680,강남구,METROPOLITAN:11
2026-09-02-v1,2026-07-01,3,BASIC_REGION:11710,송파구,METROPOLITAN:11
2026-09-02-v1,2026-07-01,3,BASIC_REGION:11740,강동구,METROPOLITAN:11
2026-09-02-v1,2026-07-01,3,BASIC_REGION:12110,목포시,METROPOLITAN:12
2026-09-02-v1,2026-07-01,3,BASIC_REGION:12130,여수시,METROPOLITAN:12
2026-09-02-v1,2026-07-01,3,BASIC_REGION:12150,순천시,METROPOLITAN:12
2026-09-02-v1,2026-07-01,3,BASIC_REGION:12170,나주시,METROPOLITAN:12
2026-09-02-v1,2026-07-01,3,BASIC_REGION:12190,광양시,METROPOLITAN:12
2026-09-02-v1,2026-07-01,3,BASIC_REGION:12210,동구,METROPOLITAN:12
2026-09-02-v1,2026-07-01,3,BASIC_REGION:12240,서구,METROPOLITAN:12
2026-09-02-v1,2026-07-01,3,BASIC_REGION:12270,남구,METROPOLITAN:12
2026-09-02-v1,2026-07-01,3,BASIC_REGION:12300,북구,METROPOLITAN:12
2026-09-02-v1,2026-07-01,3,BASIC_REGION:12330,광산구,METROPOLITAN:12
2026-09-02-v1,2026-07-01,3,BASIC_REGION:12710,담양군,METROPOLITAN:12
2026-09-02-v1,2026-07-01,3,BASIC_REGION:12720,곡성군,METROPOLITAN:12
2026-09-02-v1,2026-07-01,3,BASIC_REGION:12730,구례군,METROPOLITAN:12
2026-09-02-v1,2026-07-01,3,BASIC_REGION:12740,고흥군,METROPOLITAN:12
2026-09-02-v1,2026-07-01,3,BASIC_REGION:12750,보성군,METROPOLITAN:12
2026-09-02-v1,2026-07-01,3,BASIC_REGION:12760,화순군,METROPOLITAN:12
2026-09-02-v1,2026-07-01,3,BASIC_REGION:12770,장흥군,METROPOLITAN:12
2026-09-02-v1,2026-07-01,3,BASIC_REGION:12780,강진군,METROPOLITAN:12
2026-09-02-v1,2026-07-01,3,BASIC_REGION:12790,해남군,METROPOLITAN:12
2026-09-02-v1,2026-07-01,3,BASIC_REGION:12800,영암군,METROPOLITAN:12
2026-09-02-v1,2026-07-01,3,BASIC_REGION:12810,무안군,METROPOLITAN:12
2026-09-02-v1,2026-07-01,3,BASIC_REGION:12820,함평군,METROPOLITAN:12
2026-09-02-v1,2026-07-01,3,BASIC_REGION:12830,영광군,METROPOLITAN:12
2026-09-02-v1,2026-07-01,3,BASIC_REGION:12840,장성군,METROPOLITAN:12
2026-09-02-v1,2026-07-01,3,BASIC_REGION:12850,완도군,METROPOLITAN:12
2026-09-02-v1,2026-07-01,3,BASIC_REGION:12860,진도군,METROPOLITAN:12
2026-09-02-v1,2026-07-01,3,BASIC_REGION:12870,신안군,METROPOLITAN:12
2026-09-02-v1,2026-07-01,3,BASIC_REGION:26110,중구,METROPOLITAN:26
2026-09-02-v1,2026-07-01,3,BASIC_REGION:26140,서구,METROPOLITAN:26
2026-09-02-v1,2026-07-01,3,BASIC_REGION:26170,동구,METROPOLITAN:26
2026-09-02-v1,2026-07-01,3,BASIC_REGION:26200,영도구,METROPOLITAN:26
2026-09-02-v1,2026-07-01,3,BASIC_REGION:26230,부산진구,METROPOLITAN:26
2026-09-02-v1,2026-07-01,3,BASIC_REGION:26260,동래구,METROPOLITAN:26
2026-09-02-v1,2026-07-01,3,BASIC_REGION:26290,남구,METROPOLITAN:26
2026-09-02-v1,2026-07-01,3,BASIC_REGION:26320,북구,METROPOLITAN:26
2026-09-02-v1,2026-07-01,3,BASIC_REGION:26350,해운대구,METROPOLITAN:26
2026-09-02-v1,2026-07-01,3,BASIC_REGION:26380,사하구,METROPOLITAN:26
2026-09-02-v1,2026-07-01,3,BASIC_REGION:26410,금정구,METROPOLITAN:26
2026-09-02-v1,2026-07-01,3,BASIC_REGION:26440,강서구,METROPOLITAN:26
2026-09-02-v1,2026-07-01,3,BASIC_REGION:26470,연제구,METROPOLITAN:26
2026-09-02-v1,2026-07-01,3,BASIC_REGION:26500,수영구,METROPOLITAN:26
2026-09-02-v1,2026-07-01,3,BASIC_REGION:26530,사상구,METROPOLITAN:26
2026-09-02-v1,2026-07-01,3,BASIC_REGION:26710,기장군,METROPOLITAN:26
2026-09-02-v1,2026-07-01,3,BASIC_REGION:27110,중구,METROPOLITAN:27
2026-09-02-v1,2026-07-01,3,BASIC_REGION:27140,동구,METROPOLITAN:27
2026-09-02-v1,2026-07-01,3,BASIC_REGION:27170,서구,METROPOLITAN:27
2026-09-02-v1,2026-07-01,3,BASIC_REGION:27200,남구,METROPOLITAN:27
2026-09-02-v1,2026-07-01,3,BASIC_REGION:27230,북구,METROPOLITAN:27
2026-09-02-v1,2026-07-01,3,BASIC_REGION:27260,수성구,METROPOLITAN:27
2026-09-02-v1,2026-07-01,3,BASIC_REGION:27290,달서구,METROPOLITAN:27
2026-09-02-v1,2026-07-01,3,BASIC_REGION:27710,달성군,METROPOLITAN:27
2026-09-02-v1,2026-07-01,3,BASIC_REGION:27720,군위군,METROPOLITAN:27
2026-09-02-v1,2026-07-01,3,BASIC_REGION:28125,제물포구,METROPOLITAN:28
2026-09-02-v1,2026-07-01,3,BASIC_REGION:28155,영종구,METROPOLITAN:28
2026-09-02-v1,2026-07-01,3,BASIC_REGION:28177,미추홀구,METROPOLITAN:28
2026-09-02-v1,2026-07-01,3,BASIC_REGION:28185,연수구,METROPOLITAN:28
2026-09-02-v1,2026-07-01,3,BASIC_REGION:28200,남동구,METROPOLITAN:28
2026-09-02-v1,2026-07-01,3,BASIC_REGION:28237,부평구,METROPOLITAN:28
2026-09-02-v1,2026-07-01,3,BASIC_REGION:28245,계양구,METROPOLITAN:28
2026-09-02-v1,2026-07-01,3,BASIC_REGION:28275,서해구,METROPOLITAN:28
2026-09-02-v1,2026-07-01,3,BASIC_REGION:28290,검단구,METROPOLITAN:28
2026-09-02-v1,2026-07-01,3,BASIC_REGION:28710,강화군,METROPOLITAN:28
2026-09-02-v1,2026-07-01,3,BASIC_REGION:28720,옹진군,METROPOLITAN:28
2026-09-02-v1,2026-07-01,3,BASIC_REGION:30110,동구,METROPOLITAN:30
2026-09-02-v1,2026-07-01,3,BASIC_REGION:30140,중구,METROPOLITAN:30
2026-09-02-v1,2026-07-01,3,BASIC_REGION:30170,서구,METROPOLITAN:30
2026-09-02-v1,2026-07-01,3,BASIC_REGION:30200,유성구,METROPOLITAN:30
2026-09-02-v1,2026-07-01,3,BASIC_REGION:30230,대덕구,METROPOLITAN:30
2026-09-02-v1,2026-07-01,3,BASIC_REGION:31110,중구,METROPOLITAN:31
2026-09-02-v1,2026-07-01,3,BASIC_REGION:31140,남구,METROPOLITAN:31
2026-09-02-v1,2026-07-01,3,BASIC_REGION:31170,동구,METROPOLITAN:31
2026-09-02-v1,2026-07-01,3,BASIC_REGION:31200,북구,METROPOLITAN:31
2026-09-02-v1,2026-07-01,3,BASIC_REGION:31710,울주군,METROPOLITAN:31
2026-09-02-v1,2026-07-01,3,BASIC_REGION:36110,세종특별자치시,METROPOLITAN:36
2026-09-02-v1,2026-07-01,3,BASIC_REGION:41110,수원시,METROPOLITAN:41
2026-09-02-v1,2026-07-01,3,BASIC_REGION:41130,성남시,METROPOLITAN:41
2026-09-02-v1,2026-07-01,3,BASIC_REGION:41150,의정부시,METROPOLITAN:41
2026-09-02-v1,2026-07-01,3,BASIC_REGION:41170,안양시,METROPOLITAN:41
2026-09-02-v1,2026-07-01,3,BASIC_REGION:41190,부천시,METROPOLITAN:41
2026-09-02-v1,2026-07-01,3,BASIC_REGION:41210,광명시,METROPOLITAN:41
2026-09-02-v1,2026-07-01,3,BASIC_REGION:41220,평택시,METROPOLITAN:41
2026-09-02-v1,2026-07-01,3,BASIC_REGION:41250,동두천시,METROPOLITAN:41
2026-09-02-v1,2026-07-01,3,BASIC_REGION:41270,안산시,METROPOLITAN:41
2026-09-02-v1,2026-07-01,3,BASIC_REGION:41280,고양시,METROPOLITAN:41
2026-09-02-v1,2026-07-01,3,BASIC_REGION:41290,과천시,METROPOLITAN:41
2026-09-02-v1,2026-07-01,3,BASIC_REGION:41310,구리시,METROPOLITAN:41
2026-09-02-v1,2026-07-01,3,BASIC_REGION:41360,남양주시,METROPOLITAN:41
2026-09-02-v1,2026-07-01,3,BASIC_REGION:41370,오산시,METROPOLITAN:41
2026-09-02-v1,2026-07-01,3,BASIC_REGION:41390,시흥시,METROPOLITAN:41
2026-09-02-v1,2026-07-01,3,BASIC_REGION:41410,군포시,METROPOLITAN:41
2026-09-02-v1,2026-07-01,3,BASIC_REGION:41430,의왕시,METROPOLITAN:41
2026-09-02-v1,2026-07-01,3,BASIC_REGION:41450,하남시,METROPOLITAN:41
2026-09-02-v1,2026-07-01,3,BASIC_REGION:41460,용인시,METROPOLITAN:41
2026-09-02-v1,2026-07-01,3,BASIC_REGION:41480,파주시,METROPOLITAN:41
2026-09-02-v1,2026-07-01,3,BASIC_REGION:41500,이천시,METROPOLITAN:41
2026-09-02-v1,2026-07-01,3,BASIC_REGION:41550,안성시,METROPOLITAN:41
2026-09-02-v1,2026-07-01,3,BASIC_REGION:41570,김포시,METROPOLITAN:41
2026-09-02-v1,2026-07-01,3,BASIC_REGION:41590,화성시,METROPOLITAN:41
2026-09-02-v1,2026-07-01,3,BASIC_REGION:41610,광주시,METROPOLITAN:41
2026-09-02-v1,2026-07-01,3,BASIC_REGION:41630,양주시,METROPOLITAN:41
2026-09-02-v1,2026-07-01,3,BASIC_REGION:41650,포천시,METROPOLITAN:41
2026-09-02-v1,2026-07-01,3,BASIC_REGION:41670,여주시,METROPOLITAN:41
2026-09-02-v1,2026-07-01,3,BASIC_REGION:41800,연천군,METROPOLITAN:41
2026-09-02-v1,2026-07-01,3,BASIC_REGION:41820,가평군,METROPOLITAN:41
2026-09-02-v1,2026-07-01,3,BASIC_REGION:41830,양평군,METROPOLITAN:41
2026-09-02-v1,2026-07-01,3,BASIC_REGION:43110,청주시,METROPOLITAN:43
2026-09-02-v1,2026-07-01,3,BASIC_REGION:43130,충주시,METROPOLITAN:43
2026-09-02-v1,2026-07-01,3,BASIC_REGION:43150,제천시,METROPOLITAN:43
2026-09-02-v1,2026-07-01,3,BASIC_REGION:43720,보은군,METROPOLITAN:43
2026-09-02-v1,2026-07-01,3,BASIC_REGION:43730,옥천군,METROPOLITAN:43
2026-09-02-v1,2026-07-01,3,BASIC_REGION:43740,영동군,METROPOLITAN:43
2026-09-02-v1,2026-07-01,3,BASIC_REGION:43745,증평군,METROPOLITAN:43
2026-09-02-v1,2026-07-01,3,BASIC_REGION:43750,진천군,METROPOLITAN:43
2026-09-02-v1,2026-07-01,3,BASIC_REGION:43760,괴산군,METROPOLITAN:43
2026-09-02-v1,2026-07-01,3,BASIC_REGION:43770,음성군,METROPOLITAN:43
2026-09-02-v1,2026-07-01,3,BASIC_REGION:43800,단양군,METROPOLITAN:43
2026-09-02-v1,2026-07-01,3,BASIC_REGION:44130,천안시,METROPOLITAN:44
2026-09-02-v1,2026-07-01,3,BASIC_REGION:44150,공주시,METROPOLITAN:44
2026-09-02-v1,2026-07-01,3,BASIC_REGION:44180,보령시,METROPOLITAN:44
2026-09-02-v1,2026-07-01,3,BASIC_REGION:44200,아산시,METROPOLITAN:44
2026-09-02-v1,2026-07-01,3,BASIC_REGION:44210,서산시,METROPOLITAN:44
2026-09-02-v1,2026-07-01,3,BASIC_REGION:44230,논산시,METROPOLITAN:44
2026-09-02-v1,2026-07-01,3,BASIC_REGION:44250,계룡시,METROPOLITAN:44
2026-09-02-v1,2026-07-01,3,BASIC_REGION:44270,당진시,METROPOLITAN:44
2026-09-02-v1,2026-07-01,3,BASIC_REGION:44710,금산군,METROPOLITAN:44
2026-09-02-v1,2026-07-01,3,BASIC_REGION:44760,부여군,METROPOLITAN:44
2026-09-02-v1,2026-07-01,3,BASIC_REGION:44770,서천군,METROPOLITAN:44
2026-09-02-v1,2026-07-01,3,BASIC_REGION:44790,청양군,METROPOLITAN:44
2026-09-02-v1,2026-07-01,3,BASIC_REGION:44800,홍성군,METROPOLITAN:44
2026-09-02-v1,2026-07-01,3,BASIC_REGION:44810,예산군,METROPOLITAN:44
2026-09-02-v1,2026-07-01,3,BASIC_REGION:44825,태안군,METROPOLITAN:44
2026-09-02-v1,2026-07-01,3,BASIC_REGION:47110,포항시,METROPOLITAN:47
2026-09-02-v1,2026-07-01,3,BASIC_REGION:47130,경주시,METROPOLITAN:47
2026-09-02-v1,2026-07-01,3,BASIC_REGION:47150,김천시,METROPOLITAN:47
2026-09-02-v1,2026-07-01,3,BASIC_REGION:47170,안동시,METROPOLITAN:47
2026-09-02-v1,2026-07-01,3,BASIC_REGION:47190,구미시,METROPOLITAN:47
2026-09-02-v1,2026-07-01,3,BASIC_REGION:47210,영주시,METROPOLITAN:47
2026-09-02-v1,2026-07-01,3,BASIC_REGION:47230,영천시,METROPOLITAN:47
2026-09-02-v1,2026-07-01,3,BASIC_REGION:47250,상주시,METROPOLITAN:47
2026-09-02-v1,2026-07-01,3,BASIC_REGION:47280,문경시,METROPOLITAN:47
2026-09-02-v1,2026-07-01,3,BASIC_REGION:47290,경산시,METROPOLITAN:47
2026-09-02-v1,2026-07-01,3,BASIC_REGION:47730,의성군,METROPOLITAN:47
2026-09-02-v1,2026-07-01,3,BASIC_REGION:47750,청송군,METROPOLITAN:47
2026-09-02-v1,2026-07-01,3,BASIC_REGION:47760,영양군,METROPOLITAN:47
2026-09-02-v1,2026-07-01,3,BASIC_REGION:47770,영덕군,METROPOLITAN:47
2026-09-02-v1,2026-07-01,3,BASIC_REGION:47820,청도군,METROPOLITAN:47
2026-09-02-v1,2026-07-01,3,BASIC_REGION:47830,고령군,METROPOLITAN:47
2026-09-02-v1,2026-07-01,3,BASIC_REGION:47840,성주군,METROPOLITAN:47
2026-09-02-v1,2026-07-01,3,BASIC_REGION:47850,칠곡군,METROPOLITAN:47
2026-09-02-v1,2026-07-01,3,BASIC_REGION:47900,예천군,METROPOLITAN:47
2026-09-02-v1,2026-07-01,3,BASIC_REGION:47920,봉화군,METROPOLITAN:47
2026-09-02-v1,2026-07-01,3,BASIC_REGION:47930,울진군,METROPOLITAN:47
2026-09-02-v1,2026-07-01,3,BASIC_REGION:47940,울릉군,METROPOLITAN:47
2026-09-02-v1,2026-07-01,3,BASIC_REGION:48120,창원시,METROPOLITAN:48
2026-09-02-v1,2026-07-01,3,BASIC_REGION:48170,진주시,METROPOLITAN:48
2026-09-02-v1,2026-07-01,3,BASIC_REGION:48220,통영시,METROPOLITAN:48
2026-09-02-v1,2026-07-01,3,BASIC_REGION:48240,사천시,METROPOLITAN:48
2026-09-02-v1,2026-07-01,3,BASIC_REGION:48250,김해시,METROPOLITAN:48
2026-09-02-v1,2026-07-01,3,BASIC_REGION:48270,밀양시,METROPOLITAN:48
2026-09-02-v1,2026-07-01,3,BASIC_REGION:48310,거제시,METROPOLITAN:48
2026-09-02-v1,2026-07-01,3,BASIC_REGION:48330,양산시,METROPOLITAN:48
2026-09-02-v1,2026-07-01,3,BASIC_REGION:48720,의령군,METROPOLITAN:48
2026-09-02-v1,2026-07-01,3,BASIC_REGION:48730,함안군,METROPOLITAN:48
2026-09-02-v1,2026-07-01,3,BASIC_REGION:48740,창녕군,METROPOLITAN:48
2026-09-02-v1,2026-07-01,3,BASIC_REGION:48820,고성군,METROPOLITAN:48
2026-09-02-v1,2026-07-01,3,BASIC_REGION:48840,남해군,METROPOLITAN:48
2026-09-02-v1,2026-07-01,3,BASIC_REGION:48850,하동군,METROPOLITAN:48
2026-09-02-v1,2026-07-01,3,BASIC_REGION:48860,산청군,METROPOLITAN:48
2026-09-02-v1,2026-07-01,3,BASIC_REGION:48870,함양군,METROPOLITAN:48
2026-09-02-v1,2026-07-01,3,BASIC_REGION:48880,거창군,METROPOLITAN:48
2026-09-02-v1,2026-07-01,3,BASIC_REGION:48890,합천군,METROPOLITAN:48
2026-09-02-v1,2026-07-01,3,BASIC_REGION:50110,제주시,METROPOLITAN:50
2026-09-02-v1,2026-07-01,3,BASIC_REGION:50130,서귀포시,METROPOLITAN:50
2026-09-02-v1,2026-07-01,3,BASIC_REGION:51110,춘천시,METROPOLITAN:51
2026-09-02-v1,2026-07-01,3,BASIC_REGION:51130,원주시,METROPOLITAN:51
2026-09-02-v1,2026-07-01,3,BASIC_REGION:51150,강릉시,METROPOLITAN:51
2026-09-02-v1,2026-07-01,3,BASIC_REGION:51170,동해시,METROPOLITAN:51
2026-09-02-v1,2026-07-01,3,BASIC_REGION:51190,태백시,METROPOLITAN:51
2026-09-02-v1,2026-07-01,3,BASIC_REGION:51210,속초시,METROPOLITAN:51
2026-09-02-v1,2026-07-01,3,BASIC_REGION:51230,삼척시,METROPOLITAN:51
2026-09-02-v1,2026-07-01,3,BASIC_REGION:51720,홍천군,METROPOLITAN:51
2026-09-02-v1,2026-07-01,3,BASIC_REGION:51730,횡성군,METROPOLITAN:51
2026-09-02-v1,2026-07-01,3,BASIC_REGION:51750,영월군,METROPOLITAN:51
2026-09-02-v1,2026-07-01,3,BASIC_REGION:51760,평창군,METROPOLITAN:51
2026-09-02-v1,2026-07-01,3,BASIC_REGION:51770,정선군,METROPOLITAN:51
2026-09-02-v1,2026-07-01,3,BASIC_REGION:51780,철원군,METROPOLITAN:51
2026-09-02-v1,2026-07-01,3,BASIC_REGION:51790,화천군,METROPOLITAN:51
2026-09-02-v1,2026-07-01,3,BASIC_REGION:51800,양구군,METROPOLITAN:51
2026-09-02-v1,2026-07-01,3,BASIC_REGION:51810,인제군,METROPOLITAN:51
2026-09-02-v1,2026-07-01,3,BASIC_REGION:51820,고성군,METROPOLITAN:51
2026-09-02-v1,2026-07-01,3,BASIC_REGION:51830,양양군,METROPOLITAN:51
2026-09-02-v1,2026-07-01,3,BASIC_REGION:52110,전주시,METROPOLITAN:52
2026-09-02-v1,2026-07-01,3,BASIC_REGION:52130,군산시,METROPOLITAN:52
2026-09-02-v1,2026-07-01,3,BASIC_REGION:52140,익산시,METROPOLITAN:52
2026-09-02-v1,2026-07-01,3,BASIC_REGION:52180,정읍시,METROPOLITAN:52
2026-09-02-v1,2026-07-01,3,BASIC_REGION:52190,남원시,METROPOLITAN:52
2026-09-02-v1,2026-07-01,3,BASIC_REGION:52210,김제시,METROPOLITAN:52
2026-09-02-v1,2026-07-01,3,BASIC_REGION:52710,완주군,METROPOLITAN:52
2026-09-02-v1,2026-07-01,3,BASIC_REGION:52720,진안군,METROPOLITAN:52
2026-09-02-v1,2026-07-01,3,BASIC_REGION:52730,무주군,METROPOLITAN:52
2026-09-02-v1,2026-07-01,3,BASIC_REGION:52740,장수군,METROPOLITAN:52
2026-09-02-v1,2026-07-01,3,BASIC_REGION:52750,임실군,METROPOLITAN:52
2026-09-02-v1,2026-07-01,3,BASIC_REGION:52770,순창군,METROPOLITAN:52
2026-09-02-v1,2026-07-01,3,BASIC_REGION:52790,고창군,METROPOLITAN:52
2026-09-02-v1,2026-07-01,3,BASIC_REGION:52800,부안군,METROPOLITAN:52
