policyVersion,regionDatasetVersion,groupKey,latitude,longitude
2026-09-02-v1,2026-07-01,SERVICE_ZONE:SEOUL,37.54966272,126.99416283
2026-09-02-v1,2026-07-01,SERVICE_ZONE:GYEONGGI,37.44627299,127.02967758
2026-09-02-v1,2026-07-01,SERVICE_ZONE:INCHEON,37.50228356,126.61403650
2026-09-02-v1,2026-07-01,SERVICE_ZONE:GANGWON,37.67303171,128.33971316
2026-09-02-v1,2026-07-01,SERVICE_ZONE:CHUNGBUK,36.74435199,127.75608957
2026-09-02-v1,2026-07-01,SERVICE_ZONE:DAEJEON_SEJONG_CHUNGNAM,36.48245452,127.04425015
2026-09-02-v1,2026-07-01,SERVICE_ZONE:JEONBUK,35.74513745,127.04247248
2026-09-02-v1,2026-07-01,SERVICE_ZONE:GWANGJU_JEONNAM,34.94172360,126.91462547
2026-09-02-v1,2026-07-01,SERVICE_ZONE:DAEGU_GYEONGBUK,36.15702808,128.67087121
2026-09-02-v1,2026-07-01,SERVICE_ZONE:BUSAN_ULSAN_GYEONGNAM,35.24027594,128.71044973
2026-09-02-v1,2026-07-01,SERVICE_ZONE:JEJU,33.41342920,126.53173190
2026-09-02-v1,2026-07-01,METROPOLITAN:11,37.54966272,126.99416283
2026-09-02-v1,2026-07-01,METROPOLITAN:12,34.94172360,126.91462547
2026-09-02-v1,2026-07-01,METROPOLITAN:26,35.15878530,129.05555504
2026-09-02-v1,2026-07-01,METROPOLITAN:27,35.87617774,128.59103671
2026-09-02-v1,2026-07-01,METROPOLITAN:28,37.50228356,126.61403650
2026-09-02-v1,2026-07-01,METROPOLITAN:30,36.34392037,127.39783381
2026-09-02-v1,2026-07-01,METROPOLITAN:31,35.54520522,129.31842116
2026-09-02-v1,2026-07-01,METROPOLITAN:36,36.53282620,127.26465756
2026-09-02-v1,2026-07-01,METROPOLITAN:41,37.44627299,127.02967758
2026-09-02-v1,2026-07-01,METROPOLITAN:43,36.74435199,127.75608957
2026-09-02-v1,2026-07-01,METROPOLITAN:44,36.53125682,126.87942497
2026-09-02-v1,2026-07-01,METROPOLITAN:47,36.28826656,128.70817705
2026-09-02-v1,2026-07-01,METROPOLITAN:48,35.24032827,128.36772801
2026-09-02-v1,2026-07-01,METROPOLITAN:50,33.41342920,126.53173190
2026-09-02-v1,2026-07-01,METROPOLITAN:51,37.67303171,128.33971316
2026-09-02-v1,2026-07-01,METROPOLITAN:52,35.74513745,127.04247248
2026-09-02-v1,2026-07-01,BASIC_REGION:11110,37.58132564,126.99017558
2026-09-02-v1,2026-07-01,BASIC_REGION:11140,37.56042040,127.00042547
2026-09-02-v1,2026-07-01,BASIC_REGION:11170,37.53474832,126.97636602
2026-09-02-v1,2026-07-01,BASIC_REGION:11200,37.55265185,127.03858276
2026-09-02-v1,2026-07-01,BASIC_REGION:11215,37.54706834,127.08311588
2026-09-02-v1,2026-07-01,BASIC_REGION:11230,37.58264058,127.05478005
2026-09-02-v1,2026-07-01,BASIC_REGION:11260,37.59593723,127.08870785
2026-09-02-v1,2026-07-01,BASIC_REGION:11290,37.60318130,127.02475445
2026-09-02-v1,2026-07-01,BASIC_REGION:11305,37.63155746,127.02149626
2026-09-02-v1,2026-07-01,BASIC_REGION:11320,37.65797364,127.03621787
2026-09-02-v1,2026-07-01,BASIC_REGION:11350,37.64899555,127.06888355
2026-09-02-v1,2026-07-01,BASIC_REGION:11380,37.60613492,126.91870510
2026-09-02-v1,2026-07-01,BASIC_REGION:11410,37.57719175,126.93797695
2026-09-02-v1,2026-07-01,BASIC_REGION:11440,37.55334838,126.92490226
2026-09-02-v1,2026-07-01,BASIC_REGION:11470,37.52630717,126.85441441
2026-09-02-v1,2026-07-01,BASIC_REGION:11500,37.55416293,126.84116998
2026-09-02-v1,2026-07-01,BASIC_REGION:11530,37.49430879,126.86285425
2026-09-02-v1,2026-07-01,BASIC_REGION:11545,37.46025928,126.90359422
2026-09-02-v1,2026-07-01,BASIC_REGION:11560,37.51284335,126.90537337
2026-09-02-v1,2026-07-01,BASIC_REGION:11590,37.49656527,126.94924734
2026-09-02-v1,2026-07-01,BASIC_REGION:11620,37.47675134,126.93964251
2026-09-02-v1,2026-07-01,BASIC_REGION:11650,37.48889389,127.01101058
2026-09-02-v1,2026-07-01,BASIC_REGION:11680,37.49895812,127.05788168
2026-09-02-v1,2026-07-01,BASIC_REGION:11710,37.50427679,127.11696585
2026-09-02-v1,2026-07-01,BASIC_REGION:11740,37.54653789,127.14425271
2026-09-02-v1,2026-07-01,BASIC_REGION:12110,34.80345987,126.39842915
2026-09-02-v1,2026-07-01,BASIC_REGION:12130,34.73258008,127.68245339
2026-09-02-v1,2026-07-01,BASIC_REGION:12150,34.96807596,127.44221770
2026-09-02-v1,2026-07-01,BASIC_REGION:12170,34.99547036,126.71554967
2026-09-02-v1,2026-07-01,BASIC_REGION:12190,34.99479223,127.67845509
2026-09-02-v1,2026-07-01,BASIC_REGION:12210,35.14370138,126.93275399
2026-09-02-v1,2026-07-01,BASIC_REGION:12240,35.14798557,126.86958464
2026-09-02-v1,2026-07-01,BASIC_REGION:12270,35.12759633,126.89844675
2026-09-02-v1,2026-07-01,BASIC_REGION:12300,35.18281977,126.90604279
2026-09-02-v1,2026-07-01,BASIC_REGION:12330,35.16828118,126.79525801
2026-09-02-v1,2026-07-01,BASIC_REGION:12710,35.28462362,126.98835052
2026-09-02-v1,2026-07-01,BASIC_REGION:12720,35.22780881,127.24679724
2026-09-02-v1,2026-07-01,BASIC_REGION:12730,35.23025478,127.48916952
2026-09-02-v1,2026-07-01,BASIC_REGION:12740,34.60298930,127.32135501
2026-09-02-v1,2026-07-01,BASIC_REGION:12750,34.80836459,127.14522821
2026-09-02-v1,2026-07-01,BASIC_REGION:12760,35.00424076,127.01616195
2026-09-02-v1,2026-07-01,BASIC_REGION:12770,34.65547652,126.92929325
2026-09-02-v1,2026-07-01,BASIC_REGION:12780,34.61673260,126.77980646
2026-09-02-v1,2026-07-01,BASIC_REGION:12790,34.54173465,126.52980313
2026-09-02-v1,2026-07-01,BASIC_REGION:12800,34.80090185,126.63348935
2026-09-02-v1,2026-07-01,BASIC_REGION:12810,34.95799397,126.41941149
2026-09-02-v1,2026-07-01,BASIC_REGION:12820,35.10989233,126.53656164
2026-09-02-v1,2026-07-01,BASIC_REGION:12830,35.28208374,126.43994813
2026-09-02-v1,2026-07-01,BASIC_REGION:12840,35.31848030,126.76431328
2026-09-02-v1,2026-07-01,BASIC_REGION:12850,34.31591492,126.79319008
2026-09-02-v1,2026-07-01,BASIC_REGION:12860,34.44144336,126.22099586
2026-09-02-v1,2026-07-01,BASIC_REGION:12870,34.77408056,126.04950298
2026-09-02-v1,2026-07-01,BASIC_REGION:26110,35.10498648,129.03123124
2026-09-02-v1,2026-07-01,BASIC_REGION:26140,35.10302590,129.01735833
2026-09-02-v1,2026-07-01,BASIC_REGION:26170,35.12820493,129.04345502
2026-09-02-v1,2026-07-01,BASIC_REGION:26200,35.08538543,129.05541289
2026-09-02-v1,2026-07-01,BASIC_REGION:26230,35.16088152,129.04534605
2026-09-02-v1,2026-07-01,BASIC_REGION:26260,35.20447693,129.08221528
2026-09-02-v1,2026-07-01,BASIC_REGION:26290,35.12844929,129.08981268
2026-09-02-v1,2026-07-01,BASIC_REGION:26320,35.21870621,129.01950373
2026-09-02-v1,2026-07-01,BASIC_REGION:26350,35.18693012,129.15368042
2026-09-02-v1,2026-07-01,BASIC_REGION:26380,35.08966684,128.98032906
2026-09-02-v1,2026-07-01,BASIC_REGION:26410,35.24193112,129.09217511
2026-09-02-v1,2026-07-01,BASIC_REGION:26440,35.13107964,128.90044031
2026-09-02-v1,2026-07-01,BASIC_REGION:26470,35.18215569,129.08283200
2026-09-02-v1,2026-07-01,BASIC_REGION:26500,35.16066689,129.11245921
2026-09-02-v1,2026-07-01,BASIC_REGION:26530,35.16020795,128.99072989
2026-09-02-v1,2026-07-01,BASIC_REGION:26710,35.29603013,129.20258020
2026-09-02-v1,2026-07-01,BASIC_REGION:27110,35.86495275,128.59240819
2026-09-02-v1,2026-07-01,BASIC_REGION:27140,35.89018903,128.66018423
2026-09-02-v1,2026-07-01,BASIC_REGION:27170,35.87425950,128.56146322
2026-09-02-v1,2026-07-01,BASIC_REGION:27200,35.84035655,128.58252596
2026-09-02-v1,2026-07-01,BASIC_REGION:27230,35.91052233,128.58391211
2026-09-02-v1,2026-07-01,BASIC_REGION:27260,35.84203201,128.63909261
2026-09-02-v1,2026-07-01,BASIC_REGION:27290,35.83520574,128.53403645
2026-09-02-v1,2026-07-01,BASIC_REGION:27710,35.76265690,128.47305401
2026-09-02-v1,2026-07-01,BASIC_REGION:27720,36.16170361,128.65442621
2026-09-02-v1,2026-07-01,BASIC_REGION:28125,37.47387715,126.63366277
2026-09-02-v1,2026-07-01,BASIC_REGION:28155,37.47621243,126.50086048
2026-09-02-v1,2026-07-01,BASIC_REGION:28177,37.45441750,126.66784711
2026-09-02-v1,2026-07-01,BASIC_REGION:28185,37.40921944,126.66030084
2026-09-02-v1,2026-07-01,BASIC_REGION:28200,37.44545044,126.72252212
2026-09-02-v1,2026-07-01,BASIC_REGION:28237,37.49751253,126.72089897
2026-09-02-v1,2026-07-01,BASIC_REGION:28245,37.54258336,126.72902100
2026-09-02-v1,2026-07-01,BASIC_REGION:28275,37.51705281,126.66530933
2026-09-02-v1,2026-07-01,BASIC_REGION:28290,37.59626817,126.67735511
2026-09-02-v1,2026-07-01,BASIC_REGION:28710,37.71373921,126.40488901
2026-09-02-v1,2026-07-01,BASIC_REGION:28720,37.60394595,125.71836896
2026-09-02-v1,2026-07-01,BASIC_REGION:30110,36.33184188,127.44869789
2026-09-02-v1,2026-07-01,BASIC_REGION:30140,36.31706229,127.41233411
2026-09-02-v1,2026-07-01,BASIC_REGION:30170,36.32883430,127.37032143
2026-09-02-v1,2026-07-01,BASIC_REGION:30200,36.37597190,127.33697135
2026-09-02-v1,2026-07-01,BASIC_REGION:30230,36.39352362,127.43043203
2026-09-02-v1,2026-07-01,BASIC_REGION:31110,35.56655518,129.32288356
2026-09-02-v1,2026-07-01,BASIC_REGION:31140,35.53185569,129.31382597
2026-09-02-v1,2026-07-01,BASIC_REGION:31170,35.51481280,129.42403475
2026-09-02-v1,2026-07-01,BASIC_REGION:31200,35.59802518,129.37399002
2026-09-02-v1,2026-07-01,BASIC_REGION:31710,35.52701072,129.20306374
2026-09-02-v1,2026-07-01,BASIC_REGION:36110,36.53282620,127.26465756
2026-09-02-v1,2026-07-01,BASIC_REGION:41110,37.27532584,127.01641895
2026-09-02-v1,2026-07-01,BASIC_REGION:41130,37.41549000,127.13237301
2026-09-02-v1,2026-07-01,BASIC_REGION:41150,37.73673475,127.05997927
2026-09-02-v1,2026-07-01,BASIC_REGION:41170,37.39498925,126.93809716
2026-09-02-v1,2026-07-01,BASIC_REGION:41190,37.49744894,126.78578880
2026-09-02-v1,2026-07-01,BASIC_REGION:41210,37.46515893,126.86553694
2026-09-02-v1,2026-07-01,BASIC_REGION:41220,37.02900126,127.04557173
2026-09-02-v1,2026-07-01,BASIC_REGION:41250,37.90916684,127.06515900
2026-09-02-v1,2026-07-01,BASIC_REGION:41270,37.31611212,126.82674139
2026-09-02-v1,2026-07-01,BASIC_REGION:41280,37.65880461,126.81283735
2026-09-02-v1,2026-07-01,BASIC_REGION:41290,37.42927325,126.99486637
2026-09-02-v1,2026-07-01,BASIC_REGION:41310,37.60065276,127.13449494
2026-09-02-v1,2026-07-01,BASIC_REGION:41360,37.65110826,127.21084423
2026-09-02-v1,2026-07-01,BASIC_REGION:41370,37.15759190,127.06045242
2026-09-02-v1,2026-07-01,BASIC_REGION:41390,37.38158212,126.76999591
2026-09-02-v1,2026-07-01,BASIC_REGION:41410,37.35429539,126.93027874
2026-09-02-v1,2026-07-01,BASIC_REGION:41430,37.36244269,126.98247761
2026-09-02-v1,2026-07-01,BASIC_REGION:41450,37.53326110,127.19335824
2026-09-02-v1,2026-07-01,BASIC_REGION:41460,37.26946320,127.14872438
2026-09-02-v1,2026-07-01,BASIC_REGION:41480,37.79273355,126.78455447
2026-09-02-v1,2026-07-01,BASIC_REGION:41500,37.22972442,127.46970264
2026-09-02-v1,2026-07-01,BASIC_REGION:41550,37.02945945,127.28496907
2026-09-02-v1,2026-07-01,BASIC_REGION:41570,37.65315321,126.65772003
2026-09-02-v1,2026-07-01,BASIC_REGION:41590,37.18794996,126.96498265
2026-09-02-v1,2026-07-01,BASIC_REGION:41610,37.39839957,127.25952603
2026-09-02-v1,2026-07-01,BASIC_REGION:41630,37.82028733,127.03338120
2026-09-02-v1,2026-07-01,BASIC_REGION:41650,37.93900849,127.23188723
2026-09-02-v1,2026-07-01,BASIC_REGION:41670,37.31002731,127.60433674
2026-09-02-v1,2026-07-01,BASIC_REGION:41800,38.07059559,127.00789038
2026-09-02-v1,2026-07-01,BASIC_REGION:41820,37.80217690,127.43680331
2026-09-02-v1,2026-07-01,BASIC_REGION:41830,37.50897850,127.54858534
2026-09-02-v1,2026-07-01,BASIC_REGION:43110,36.63120131,127.47867792
2026-09-02-v1,2026-07-01,BASIC_REGION:43130,36.99805716,127.90511783
2026-09-02-v1,2026-07-01,BASIC_REGION:43150,37.09358137,128.17954203
2026-09-02-v1,2026-07-01,BASIC_REGION:43720,36.48133334,127.72360890
2026-09-02-v1,2026-07-01,BASIC_REGION:43730,36.31976258,127.64721118
2026-09-02-v1,2026-07-01,BASIC_REGION:43740,36.16262826,127.81244454
2026-09-02-v1,2026-07-01,BASIC_REGION:43745,36.79717367,127.60495316
2026-09-02-v1,2026-07-01,BASIC_REGION:43750,36.88169391,127.44421275
2026-09-02-v1,2026-07-01,BASIC_REGION:43760,36.79746280,127.81932392
2026-09-02-v1,2026-07-01,BASIC_REGION:43770,36.97279766,127.60518048
2026-09-02-v1,2026-07-01,BASIC_REGION:43800,36.99337132,128.36479028
2026-09-02-v1,2026-07-01,BASIC_REGION:44130,36.80915148,127.16876527
2026-09-02-v1,2026-07-01,BASIC_REGION:44150,36.46448455,127.09698315
2026-09-02-v1,2026-07-01,BASIC_REGION:44180,36.34783910,126.59112415
2026-09-02-v1,2026-07-01,BASIC_REGION:44200,36.79869357,126.98578180
2026-09-02-v1,2026-07-01,BASIC_REGION:44210,36.78443968,126.46367010
2026-09-02-v1,2026-07-01,BASIC_REGION:44230,36.19344044,127.12562180
2026-09-02-v1,2026-07-01,BASIC_REGION:44250,36.28060127,127.24053542
2026-09-02-v1,2026-07-01,BASIC_REGION:44270,36.88859115,126.66213041
2026-09-02-v1,2026-07-01,BASIC_REGION:44710,36.12266835,127.48274828
2026-09-02-v1,2026-07-01,BASIC_REGION:44760,36.23592204,126.85553522
2026-09-02-v1,2026-07-01,BASIC_REGION:44770,36.10349290,126.71083279
2026-09-02-v1,2026-07-01,BASIC_REGION:44790,36.43069820,126.85338703
2026-09-02-v1,2026-07-01,BASIC_REGION:44800,36.56824931,126.62902197
2026-09-02-v1,2026-07-01,BASIC_REGION:44810,36.67685027,126.78111811
2026-09-02-v1,2026-07-01,BASIC_REGION:44825,36.69813745,126.28323948
2026-09-02-v1,2026-07-01,BASIC_REGION:47110,36.05128489,129.35814229
2026-09-02-v1,2026-07-01,BASIC_REGION:47130,35.83658608,129.23769240
2026-09-02-v1,2026-07-01,BASIC_REGION:47150,36.08707497,128.10372400
2026-09-02-v1,2026-07-01,BASIC_REGION:47170,36.58065772,128.73773120
2026-09-02-v1,2026-07-01,BASIC_REGION:47190,36.15157397,128.35840586
2026-09-02-v1,2026-07-01,BASIC_REGION:47210,36.83908183,128.60785182
2026-09-02-v1,2026-07-01,BASIC_REGION:47230,35.99850506,128.93267613
2026-09-02-v1,2026-07-01,BASIC_REGION:47250,36.43048934,128.09451678
2026-09-02-v1,2026-07-01,BASIC_REGION:47280,36.64768658,128.17397100
2026-09-02-v1,2026-07-01,BASIC_REGION:47290,35.83183132,128.77825641
2026-09-02-v1,2026-07-01,BASIC_REGION:47730,36.35959806,128.59605569
2026-09-02-v1,2026-07-01,BASIC_REGION:47750,36.35769797,129.05361798
2026-09-02-v1,2026-07-01,BASIC_REGION:47760,36.67888206,129.13229126
2026-09-02-v1,2026-07-01,BASIC_REGION:47770,36.46709064,129.33453677
2026-09-02-v1,2026-07-01,BASIC_REGION:47820,35.66816548,128.73917897
2026-09-02-v1,2026-07-01,BASIC_REGION:47830,35.74079941,128.30944851
2026-09-02-v1,2026-07-01,BASIC_REGION:47840,35.91442057,128.23718293
2026-09-02-v1,2026-07-01,BASIC_REGION:47850,36.01763904,128.43829873
2026-09-02-v1,2026-07-01,BASIC_REGION:47900,36.65452291,128.41569138
2026-09-02-v1,2026-07-01,BASIC_REGION:47920,36.91878518,128.87681890
2026-09-02-v1,2026-07-01,BASIC_REGION:47930,36.88181007,129.35859727
2026-09-02-v1,2026-07-01,BASIC_REGION:47940,37.50275955,130.86686789
2026-09-02-v1,2026-07-01,BASIC_REGION:48120,35.20018359,128.62370459
2026-09-02-v1,2026-07-01,BASIC_REGION:48170,35.19177838,128.12071383
2026-09-02-v1,2026-07-01,BASIC_REGION:48220,34.83303138,128.39431372
2026-09-02-v1,2026-07-01,BASIC_REGION:48240,35.01421135,128.06308339
2026-09-02-v1,2026-07-01,BASIC_REGION:48250,35.24715144,128.85502834
2026-09-02-v1,2026-07-01,BASIC_REGION:48270,35.49002845,128.76823781
2026-09-02-v1,2026-07-01,BASIC_REGION:48310,34.87596162,128.64369567
2026-09-02-v1,2026-07-01,BASIC_REGION:48330,35.38046876,129.07442325
2026-09-02-v1,2026-07-01,BASIC_REGION:48720,35.39081294,128.27353331
2026-09-02-v1,2026-07-01,BASIC_REGION:48730,35.29089948,128.44030205
2026-09-02-v1,2026-07-01,BASIC_REGION:48740,35.50039419,128.49606998
2026-09-02-v1,2026-07-01,BASIC_REGION:48820,35.02073187,128.28736399
2026-09-02-v1,2026-07-01,BASIC_REGION:48840,34.81534987,127.93874122
2026-09-02-v1,2026-07-01,BASIC_REGION:48850,35.10138992,127.79833250
2026-09-02-v1,2026-07-01,BASIC_REGION:48860,35.39189237,127.90321891
2026-09-02-v1,2026-07-01,BASIC_REGION:48870,35.54978274,127.72669794
2026-09-02-v1,2026-07-01,BASIC_REGION:48880,35.72834269,127.90887314
2026-09-02-v1,2026-07-01,BASIC_REGION:48890,35.57276913,128.16554749
2026-09-02-v1,2026-07-01,BASIC_REGION:50110,33.49353320,126.52102711
2026-09-02-v1,2026-07-01,BASIC_REGION:50130,33.29091721,126.54810392
2026-09-02-v1,2026-07-01,BASIC_REGION:51110,37.87260741,127.73147508
2026-09-02-v1,2026-07-01,BASIC_REGION:51130,37.33197825,127.93964730
2026-09-02-v1,2026-07-01,BASIC_REGION:51150,37.74966991,128.87636443
2026-09-02-v1,2026-07-01,BASIC_REGION:51170,37.52443335,129.09167887
2026-09-02-v1,2026-07-01,BASIC_REGION:51190,37.14642815,128.99696374
2026-09-02-v1,2026-07-01,BASIC_REGION:51210,38.19688477,128.56614477
2026-09-02-v1,2026-07-01,BASIC_REGION:51230,37.33236204,129.13341813
2026-09-02-v1,2026-07-01,BASIC_REGION:51720,37.73010039,127.98483548
2026-09-02-v1,2026-07-01,BASIC_REGION:51730,37.50003119,128.07652248
2026-09-02-v1,2026-07-01,BASIC_REGION:51750,37.20786550,128.48007747
2026-09-02-v1,2026-07-01,BASIC_REGION:51760,37.52802278,128.46500237
2026-09-02-v1,2026-07-01,BASIC_REGION:51770,37.34413134,128.74885247
2026-09-02-v1,2026-07-01,BASIC_REGION:51780,38.24409606,127.35666561
2026-09-02-v1,2026-07-01,BASIC_REGION:51790,38.12955139,127.67561433
2026-09-02-v1,2026-07-01,BASIC_REGION:51800,38.19271045,128.02100529
2026-09-02-v1,2026-07-01,BASIC_REGION:51810,38.05506427,128.25780568
2026-09-02-v1,2026-07-01,BASIC_REGION:51820,38.37568607,128.41830353
2026-09-02-v1,2026-07-01,BASIC_REGION:51830,38.02847245,128.62102206
2026-09-02-v1,2026-07-01,BASIC_REGION:52110,35.82659843,127.12739418
2026-09-02-v1,2026-07-01,BASIC_REGION:52130,35.96412032,126.72125691
2026-09-02-v1,2026-07-01,BASIC_REGION:52140,35.99685710,126.97343257
2026-09-02-v1,2026-07-01,BASIC_REGION:52180,35.60115509,126.87903935
2026-09-02-v1,2026-07-01,BASIC_REGION:52190,35.42275781,127.40766014
2026-09-02-v1,2026-07-01,BASIC_REGION:52210,35.81290563,126.89156803
2026-09-02-v1,2026-07-01,BASIC_REGION:52710,35.92255806,127.19406201
2026-09-02-v1,2026-07-01,BASIC_REGION:52720,35.83271061,127.44176020
2026-09-02-v1,2026-07-01,BASIC_REGION:52730,35.94143888,127.70105890
2026-09-02-v1,2026-07-01,BASIC_REGION:52740,35.67090070,127.54528789
2026-09-02-v1,2026-07-01,BASIC_REGION:52750,35.59223415,127.24435862
2026-09-02-v1,2026-07-01,BASIC_REGION:52770,35.41103091,127.11493742
2026-09-02-v1,2026-07-01,BASIC_REGION:52790,35.44981913,126.61802625
2026-09-02-v1,2026-07-01,BASIC_REGION:52800,35.67527078,126.64385643
